<?xml version="1.0"?>
<ruleset name="Aihrus">
	<description>
		Custom phpcs rules to check for Aihrus' WordPress projects
	</description>

	<exclude-pattern>lib/class-redrokk-metabox-class.php</exclude-pattern>
	<exclude-pattern>lib/Akismet.class.php</exclude-pattern>

	<rule ref="Generic">
		<exclude name="Generic.ControlStructures.InlineControlStructure.NotAllowed" />
		<exclude name="Generic.Files.EndFileNoNewline.Found" />
		<exclude name="Generic.Files.LineLength.MaxExceeded" />
		<exclude name="Generic.Formatting.NoSpaceAfterCast.SpaceFound" />
		<exclude name="Generic.Functions.OpeningFunctionBraceBsdAllman.BraceOnSameLine" />
		<exclude name="Generic.Metrics.CyclomaticComplexity.MaxExceeded" />
		<exclude name="Generic.NamingConventions.CamelCapsFunctionName.ScopeNotCamelCaps" />
		<exclude name="Generic.PHP.UpperCaseConstant.Found" />
		<exclude name="Generic.WhiteSpace.DisallowTabIndent.TabsUsed" />
		<exclude name="Generic.WhiteSpace.ScopeIndent.Incorrect" />
	</rule>

	<rule ref="Squiz.PHP.CommentedOutCode"/>
	<rule ref="Squiz.WhiteSpace.SuperfluousWhitespace">
		<exclude name="Squiz.WhiteSpace.SuperfluousWhitespace.EndLine" />
	</rule>

	<rule ref="WordPress">
		<exclude name="WordPress.XSS.EscapeOutput" />
	</rule>
</ruleset>
